,subreddit,title,url,upvote_ratio,ups,downs,score
0,worldnews,Trump threatens to bomb Oman over Iran deal,https://www.telegraph.co.uk/world-news/2026/08/17/trump-threatens-to-bomb-oman-over-iran-deal/?WT.mc_id=tmgoff_reddit_bomb-oman-over-iran-deal/&amp;accesscontrol=facebookchannel_open,0.94,20788,0,20788
1,worldnews,Prime Minister Carney announces the largest clean energy investment in North American history,https://www.pm.gc.ca/en/news/news-releases/2026/08/17/prime-minister-carney-announces-largest-clean-energy-investment-north,0.97,14770,0,14770
2,worldnews,Trump moving to ally USA with North Korea,https://www.reuters.com/world/china/trump-says-north-koreas-kim-has-responded-his-overtures-2026-08-17/,0.92,7881,0,7881
3,worldnews,WSJ: Russia could attack NATO next month,https://www.dw.com/en/wsj-russia-could-attack-nato-next-month/video-78289595,0.88,6571,0,6571
4,worldnews,Two children attacked in Poland over speaking Ukrainian,https://www.pravda.com.ua/eng/news/2026/08/17/8048939/,0.93,5676,0,5676
5,worldnews,"The chief economist at Russia’s second-largest bank has been fired after a series of critical comments about the state of the economy, warning that Moscow would not win a prolonged economic war with Ukraine",https://www.theguardian.com/world/2026/aug/17/andrei-klepach-russian-banker-fired-warning-economy?CMP=share_btn_url,0.98,3630,0,3630
6,worldnews,Polish Defence Ministry says it is preparing for war with Russia and expects Kremlin provocations,https://www.pravda.com.ua/eng/news/2026/08/17/8048993/,0.97,3534,0,3534
7,worldnews,Egypt erupts in fury over Ethiopia's plans for three more Nile dams,https://www.thenationalnews.com/news/mena/2026/08/17/egypt-erupts-in-fury-over-ethiopias-plans-for-three-more-nile-dams/,0.98,2175,0,2175
8,worldnews,South Korea Fires Warning Shots After North Korean Troops Cross the DMZ,https://united24media.com/world/south-korea-fires-warning-shots-after-north-korean-troops-cross-the-dmz-21753,0.95,2127,0,2127
9,worldnews,The U.S. is on the brink of putting new tariffs on Canada,https://www.ctvnews.ca/world/trumps-tariffs/article/the-us-is-on-the-brink-of-putting-new-tariffs-on-canada-follow-live-trade-war-updates/,0.92,2036,0,2036
10,worldnews,"After killing hundreds in boat strikes, US military expands campaign on land in Latin America",https://www.thecanadianpressnews.ca/world/after-killing-hundreds-in-boat-strikes-us-military-expands-campaign-on-land-in-latin-america/article_68a66813-bcc7-54c1-84b6-27792123c845.html,0.94,1766,0,1766
11,worldnews,Russia threatens consequences over ‘use of UK drones in Ukraine deep strikes’,https://www.standard.co.uk/news/politics/sunday-times-russia-ukraine-kyiv-moscow-b1293735.html,0.95,1707,0,1707
12,worldnews,Pope Leo XIV renews call to end violence against Palestinians,https://www.newsnationnow.com/religion/pope-leo-peace-violence-palestine-israel/,0.89,1514,0,1514
13,worldnews,"Canada braces for 50% US tariffs, with negotiators still far apart",https://www.reuters.com/legal/transactional/canada-braces-50-us-tariffs-with-negotiators-still-far-apart-2026-08-17/,0.95,1479,0,1479
14,worldnews,Binance Provided Russia With Customer Data Tied to Ukraine Military Donations,https://united24media.com/world/binance-provided-russia-with-customer-data-tied-to-ukraine-military-donations-21763,0.98,1448,0,1448
15,worldnews,"Ukraine could use its own ballistic missiles against Russia by year-end, Fedorov tells CBS News",https://kyivindependent.com/ukraine-could-use-its-own-ballistic-missiles-against-russia-by-year-end-fedorov-tells-cbs-news/,0.97,1277,0,1277
16,worldnews,Iran signals readiness for ‘US ground operations’ as MoU expires,https://www.aljazeera.com/news/2026/8/17/iran-signals-readiness-for-us-ground-operations-as-mou-expires,0.93,777,0,777
17,worldnews,Russian Banderol Missile Reportedly Crosses Into Moldova and Explodes Near Tălmaza,https://united24media.com/world/russian-banderol-missile-reportedly-crosses-into-moldova-and-explodes-near-talmaza-21777,0.95,617,0,617
18,worldnews,Trump orders cuts to South Korea joint drills despite warnings about Kim regime | North Korea,https://www.theguardian.com/world/2026/aug/17/trump-cuts-south-korea-joint-drills-us-military-good-relationship-kim-jong-un,0.94,372,0,372
19,worldnews,South Korea president calls for military independence in wake of Trump call to cut joint drills,https://www.theguardian.com/world/2026/aug/18/south-korea-president-trump-military-drills-control-opcon-kim-jong-un?CMP=share_btn_url,0.99,270,0,270
20,worldnews,Moldovan president: some drones fly into Moldova because they were sent there,https://www.pravda.com.ua/eng/news/2026/08/17/8049048/,0.96,251,0,251
21,worldnews,Ship attacked in Hormuz Strait as U.S.-Iran ceasefire expiry risks prolonged conflict,https://www.cnbc.com/2026/08/18/us-iran-war-trump-hormuz-trump-ceasefire-expires-extension-.html,0.95,181,0,181
22,worldnews,Iran condemns ‘suspicious’ drone attack on Iraqi Kurdistan PM’s office,https://english.alarabiya.net/amp/News/middle-east/2026/08/17/iran-condemns-suspicious-drone-attack-on-iraqi-kurdistan-pm-s-office,0.9,167,0,167
23,worldnews,"/r/WorldNews Live Thread: Russian Invasion of Ukraine Day 1637, Part 1 (Thread #1784)",https://www.reddit.com/live/18hnzysb1elcs,0.96,133,0,133
24,worldnews,r/WorldNews is looking for new moderators. Click here to apply!,https://forms.gle/KbUc7ZGAEDFfUzTAA,0.73,115,0,115
